DATE-1,DATE-2,DATE-3,DATE-4,DATE-5,DATE-6,DATE-7,DATE-8,DATE-9,DATE-10,DATE-11,DATE-12,DATE-13,DATE-14
07/25/18,25-Jul-18,5-Aug-17,10/07/12 15:00 PM,DEC-01-1975,DECEMBER-01-1975,21/3/97 12:00 AM,12:02:1990,20.07.2018,29/07/2018,29/09/18 02:01,2018/09/15 03:05,2018/July/25 02:05,7/25/2018 12:00 AM
,29-Jul-18,,,NOV-01-2002,FEBRUARY-20-1912,,12:02:1988,,25/07/2018,,2017/07/25 12:06,,
07/20/17,20-Jul-17,5-Jun-16,10/11/12 12:00 AM,DEC-11-2018,MARCH-20-1917,25/2/99 14:00 PM,2:07:1988,20.01.2018,27/07/2018,27/09/18 04:50,2018/07/05 03:05,2018/June/23 04:15,7/25/2018 12:00 AM
07/18/17,18-Jul-17,2-Aug-17,10/10/10 15:00 PM,NOV-01-2002,DECEMBER-01-1977,25/2/99 14:00 PM,6:12:1988,10.02.2018,29/07/2018,29/09/18 10:01,2018/07/25 02:01,2018/July/25 02:05,7/25/2018 12:00 AM
07/25/18,25-Jul-18,5-Aug-17,10/07/12 15:00 PM,DEC-01-1975,DECEMBER-01-1975,21/3/97 12:00 AM,12:02:1990,20.07.2018,29/07/2018,29/09/18 02:01,2018/09/15 03:05,2018/July/25 02:05,7/25/2018 12:00 AM
,29-Jul-18,,,NOV-01-2002,FEBRUARY-20-1912,,12:02:1988,,25/07/2018,,2017/07/25 12:06,,
07/20/17,20-Jul-17,5-Jun-16,10/11/12 12:00 AM,DEC-11-2018,MARCH-20-1917,25/2/99 14:00 PM,2:07:1988,20.01.2018,27/07/2018,27/09/18 04:50,2018/07/05 03:05,2018/June/23 04:15,7/25/2018 12:00 AM
07/18/17,18-Jul-17,2-Aug-17,10/10/10 15:00 PM,NOV-01-2002,DECEMBER-01-1977,25/2/99 14:00 PM,6:12:1988,10.02.2018,29/07/2018,29/09/18 10:01,2018/07/25 02:01,2018/July/25 02:05,7/25/2018 12:00 AM
07/25/18,25-Jul-18,5-Aug-17,10/07/12 15:00 PM,DEC-01-1975,DECEMBER-01-1975,21/3/97 12:00 AM,12:02:1990,20.07.2018,29/07/2018,29/09/18 02:01,2018/09/15 03:05,2018/July/25 02:05,7/25/2018 12:00 AM
,29-Jul-18,,,NOV-01-2002,FEBRUARY-20-1912,,12:02:1988,,25/07/2018,,2017/07/25 12:06,,
07/20/17,20-Jul-17,5-Jun-16,10/11/12 12:00 AM,DEC-11-2018,MARCH-20-1917,25/2/99 14:00 PM,2:07:1988,20.01.2018,27/07/2018,27/09/18 04:50,2018/07/05 03:05,2018/June/23 04:15,7/25/2018 12:00 AM
07/18/17,18-Jul-17,2-Aug-17,10/10/10 15:00 PM,NOV-01-2002,DECEMBER-01-1977,25/2/99 14:00 PM,6:12:1988,10.02.2018,29/07/2018,29/09/18 10:01,2018/07/25 02:01,2018/July/25 02:05,7/25/2018 12:00 AM
07/25/18,25-Jul-18,5-Aug-17,10/07/12 15:00 PM,DEC-01-1975,DECEMBER-01-1975,21/3/97 12:00 AM,12:02:1990,20.07.2018,29/07/2018,29/09/18 02:01,2018/09/15 03:05,2018/July/25 02:05,7/25/2018 12:00 AM
,29-Jul-18,,,NOV-01-2002,FEBRUARY-20-1912,,12:02:1988,,25/07/2018,,2017/07/25 12:06,,
07/20/17,20-Jul-17,5-Jun-16,10/11/12 12:00 AM,DEC-11-2018,MARCH-20-1917,25/2/99 14:00 PM,2:07:1988,20.01.2018,27/07/2018,27/09/18 04:50,2018/07/05 03:05,2018/June/23 04:15,7/25/2018 12:00 AM
07/18/17,18-Jul-17,2-Aug-17,10/10/10 15:00 PM,NOV-01-2002,DECEMBER-01-1977,25/2/99 14:00 PM,6:12:1988,10.02.2018,29/07/2018,29/09/18 10:01,2018/07/25 02:01,2018/July/25 02:05,7/25/2018 12:00 AM
